Time:18:30,Haka,TPS Turku,1.80,3.00,2.80,
Time:18:30,MP Mikkeli,Mypa,1.25,4.00,5.00,
Time:19:00,Viborg,Fremad Amager,1.75,3.00,2.95,
Time:19:00,Slaven Belupo,Istra 1961,1.50,3.20,4.00,
Time:19:00,FC Admira,Kapfenberg,1.30,4.00,5.00,
Time:19:30,Hvidovre,Silkeborg,3.50,3.40,1.50,
Time:19:30,WSG Swarovski,Fac Wien,1.20,4.25,5.75,
Time:19:45,Jong Ajax,Jong AZ,1.40,3.90,3.75,
Time:19:45,Helmond,De Graafschap,5.50,4.00,1.20,
Time:19:45,Utrecht II,Nijmegen,2.90,3.30,1.70,
Time:19:45,Dundalk,Bohemians,1.85,3.00,2.80,
Time:20:00,SL Ouchy,Aarau,1.85,3.10,2.75,
Time:20:00,Dijon,Rennes,3.60,3.25,1.58,
Time:20:00,Magdeburg,Türkgücü,2.40,3.10,2.00,
Time:20:00,Akropolis,AFC United,1.70,3.00,3.20,
Time:20:00,GAIS,Norrby,2.25,2.75,2.35,
Time:20:00,Umea FC,Trelleborg,2.10,2.75,2.55,
Time:20:00,Chambly,Clermont,2.90,2.60,2.00,
Time:20:00,Lafnitz,Klagenfurt,2.85,3.20,1.75,
Time:20:30,Chiasso,Thun,2.90,3.50,1.67,
Time:20:30,SV Horn,ASK Elektra,1.20,4.40,6.00,
Time:21:00,Neuchatel,Grasshoppers,2.40,3.20,2.00,
Time:21:00,Wil 1900,Kriens,1.80,3.25,2.70,
Time:21:00,Winterthur,Schaffhausen,1.62,3.40,3.00,
Time:21:00,Arges Pitesti,Astra Giurgiu,2.45,2.85,2.10,
Time:21:00,Kisvarda,Ferencvaros,3.90,3.25,1.50,
Time:21:00,Club Brugge II,Kmsk Deinze,3.20,3.10,1.67,
Time:21:45,Derby,Watford,2.90,2.75,1.90,
Time:21:45,Shamrock,Derry City,1.45,3.30,4.00,
Time:21:45,Hearts,FC Dundee,1.45,3.25,4.00,
Time:21:45,Univ College,Cabinteely,1.70,3.40,2.85,
Time:21:45,Drogheda Utd,Wexford,1.10,5.00,7.50,
Time:22:00,Excelsior,MVV Maastricht,1.40,3.75,3.75,
Time:22:00,Volendam,Jong PSV,1.40,3.60,3.90,
Time:22:00,Nimes,Paris S.G.,5.25,4.50,1.25,
Time:22:00,Brescia,Lecce,1.95,2.75,2.80,
Time:01:15,Botafogo Ribeir,America Mineiro,3.20,2.65,1.85,
Time:02:00,Goias,Bahia,2.65,2.90,1.95,
Time:03:30,Necaxa,Club Tijuana,1.85,2.85,2.85,
Time:03:30,Cruzeiro,EC Juventude,1.70,3.00,3.25,
Time:05:30,Mazatlan,Fc Juarez,1.95,2.95,2.65,
Time:07:30,Daejeon Citizen,Bucheon,1.62,3.00,3.50,
Time:07:30,Anyang,Seoul ELand,2.85,2.80,1.90,
Time:08:00,Tokushima,Ventforet Kofu,1.60,3.00,3.75,
Time:08:00,Tokyo Verdy,Tochigi Sc,2.10,2.65,2.70,
Time:08:00,Sangju Sangmu,Daegu,2.65,2.80,2.00,
Time:09:00,Cerezo Osaka,Yokohama FM,2.30,3.30,2.00,
Time:09:00,Giravanz Kitaky,VVaren Nagasa,2.35,2.95,2.15,
Time:09:00,Jef United,Machida,2.40,2.75,2.20,
Time:10:00,Gyeongnam,Jeju United,3.20,2.95,1.70,
Time:10:30,Seongnam,Fc Seoul,2.00,2.80,2.70,
Time:12:00,Tom Tomsk,Baltika,3.20,2.85,1.75,
Time:12:30,Ryukyu,Matsumoto Yamaga,2.15,2.95,2.35,
Time:13:00,Veles Moskova,Chertanovo,1.50,3.10,4.00,
Time:13:00,Yenisey Krasno,Chayka,2.00,2.80,2.60,
Time:13:30,Çaykur Rizespor,MKE Ankaragücü,1.80,3.10,3.25,
Time:13:30,Bandırmaspor,Eskişehirspor,1.30,3.75,5.00,
Time:13:30,Samsunspor,İstanbulspor,1.50,3.00,4.00,
Time:13:30,Ümraniyespor,Keçiörengücü,2.00,2.85,2.60,
Time:14:00,Irtish Omsk,Krasnodar II,2.70,3.10,1.85,
Time:14:00,Sp Moscow II,Orenburg,3.60,3.00,1.60,
Time:14:00,Targoviste,Gaz Metan,2.45,2.70,2.20,
Time:14:00,FC Minaj,FK Mariupol,2.20,2.75,2.40,
Time:14:00,Braunschweig,Bochum,2.85,2.95,1.85,
Time:14:00,Fürth,Hamburger Sv,3.10,3.10,1.67,
Time:14:00,Karlsruher Sc,Sandhausen,2.10,2.85,2.50,
Time:14:00,Granada,Sevilla,3.40,3.00,1.70,
Time:14:00,Zenit,FC Sochi,1.28,3.60,5.50,
Time:14:00,Slavia Mozyr,Belshina,1.80,3.00,2.80,
Time:14:00,Ekenas IF,SJK Akatemia,1.12,5.00,7.50,
Time:14:00,Jaro,Ac Kajaani,1.25,4.25,4.75,
Time:14:30,Everton,Liverpool,3.25,3.60,1.67,
Time:14:30,Celtic,Glasgow Rangers,2.20,3.20,2.45,
Time:15:00,Krylya Sovetov,Volgar Astrak,1.15,4.40,7.50,
Time:15:00,Kolding IF,Esbjerg,3.30,3.40,1.60,
Time:15:00,Milton Keynes,Gillingham,1.95,2.85,2.70,
Time:15:00,Cosenza,Cittadella,2.40,2.70,2.25,
Time:15:00,Cremonese,Venezia,1.85,2.70,3.10,
Time:15:00,Frosinone,Ascoli,1.60,2.95,3.75,
Time:15:00,Pordenone,SPAL,2.25,2.70,2.40,
Time:15:00,AC Reggiana,Chievo,2.35,2.60,2.35,
Time:15:00,Salernitana,Pisa,1.95,2.75,2.80,
Time:15:00,Virtus Entella,Reggina,2.05,2.70,2.65,
Time:15:00,B.Munich II,Kaiserslautern,2.00,3.10,2.45,
Time:15:00,Hansa Rostock,1860 München,2.00,3.00,2.45,
Time:15:00,Ingolstadt,SC Verl,1.75,3.00,2.95,
Time:15:00,Lubeck,Dyn.Dresden,2.55,2.90,2.00,
Time:15:00,Wehen,Mannheim 07,1.85,2.85,2.85,
Time:15:00,Fsv Zwickau,Uerdingen,1.95,3.00,2.60,
Time:15:45,Budafoki Mte,Diosgyor,2.05,3.00,2.45,
Time:16:00,Nizhny Novgorod,SKA Khabarovsk,1.50,3.10,4.25,
Time:16:00,Valenciennes,Sochaux,2.15,2.55,2.65,
Time:16:00,Dinamo Zagreb,Gorica,1.25,4.00,5.50,
Time:16:00,FC Hobro,HB Koge,2.00,3.00,2.50,
Time:16:00,Napoli,Atalanta,2.20,3.50,2.25,
Time:16:00,Kayserispor,Sivasspor,3.25,3.25,1.75,
Time:16:00,Konyaspor,Yeni Malatyaspor,1.80,2.90,3.10,
Time:16:00,Adanaspor,Altınordu,2.40,2.75,2.25,
Time:16:00,Falkenbergs,Orebro,2.15,3.00,2.30,
Time:16:00,Halmstad,Brage,1.50,3.10,3.90,
Time:16:00,FC Oster,Degerfors,3.60,3.10,1.60,
Time:16:00,Vitebsk,BGU Minsk,1.70,2.95,3.25,
Time:16:00,Volos Nfc,PAS Giannina,2.00,2.90,2.55,
Time:16:30,CSMS Iaşi,ACS Sepsi,2.25,2.90,2.25,
Time:16:30,Augsburg,RB Leipzig,4.25,3.90,1.38,
Time:16:30,Freiburg,Werder Bremen,1.95,3.10,2.65,
Time:16:30,Hertha Berlin,Stuttgart,1.80,3.40,2.75,
Time:16:30,Hoffenheim,Dortmund,3.25,3.75,1.65,
Time:16:30,Mainz 05,Leverkusen,3.90,3.75,1.45,
Time:16:30,Grorud İL,Hamarkamera,2.35,3.25,2.00,
Time:16:30,Kongsvinger,Jerv FC,2.05,3.30,2.25,
Time:16:30,Oeygarden,Strommen,2.25,3.30,2.05,
Time:16:30,Raufoss,Sogndal,3.40,3.40,1.55,
Time:16:30,Sandnes,Asane FC,2.15,3.10,2.20,
Time:16:30,Tromso,KFUM,1.30,3.90,4.60,
Time:16:30,Krasnodar,Rubin Kazan,1.60,3.20,3.40,
Time:16:30,Lok.Moscow,FC Ufa,1.45,3.10,4.50,
Time:17:00,Alania,Shinnik,1.35,3.40,5.00,
Time:17:00,Dinamo Bryansk,Akron,1.75,3.00,2.95,
Time:17:00,Torpedo Moskova,Neftekhimik,1.60,2.90,3.90,
Time:17:00,Rukh Vinnyky,Dynamo Kiev,6.00,3.90,1.20,
Time:17:00,Shakhtar Donetsk,FC Lviv,1.12,4.75,7.25,
Time:17:00,Chelsea,Southampton,1.35,3.90,4.50,
Time:17:00,Barnsley,Bristol City,2.35,2.85,2.20,
Time:17:00,Birmingham,Sheffield Wed,2.25,2.65,2.45,
Time:17:00,Blackburn,Nottingham,1.75,2.95,3.10,
Time:17:00,Bournemouth,QPR,1.50,3.10,3.90,
Time:17:00,Brentford,Coventry,1.40,3.30,4.25,
Time:17:00,Luton,Stoke,2.60,2.75,2.05,
Time:17:00,Middlesbrough,Reading,1.90,2.75,2.90,
Time:17:00,Rotherham,Norwich,3.00,2.95,1.80,
Time:17:00,Swansea,Huddersfield,1.70,2.90,3.30,
Time:17:00,Wycombe,Millwall,3.90,3.00,1.55,
Time:17:00,Wimbledon,Shrewsbury,2.45,2.60,2.25,
Time:17:00,Bristol Rovers,Burton Albion,2.10,2.85,2.50,
Time:17:00,Charlton,Wigan,1.80,3.00,2.90,
Time:17:00,Crewe,Blackpool,2.15,2.95,2.35,
Time:17:00,Fleetwood,Lincoln,1.80,2.90,3.00,
Time:17:00,Ipswich,Accrington,1.50,3.00,4.00,
Time:17:00,Peterborough,Oxford,1.75,3.20,2.90,
Time:17:00,Plymouth,Northampton,1.67,3.10,3.25,
Time:17:00,Portsmouth,Doncaster,1.75,2.95,3.00,
Time:17:00,Rochdale,Hull,3.25,3.10,1.67,
Time:17:00,Swindon,Sunderland,3.30,2.95,1.70,
Time:17:00,Bolton,Oldham,1.80,3.00,2.85,
Time:17:00,Carlisle,Colchester,2.15,2.85,2.45,
Time:17:00,Crawley Town,Morecambe,1.90,2.90,2.70,
Time:17:00,Forest Green,Stevenage,1.50,3.10,3.75,
Time:17:00,Harrogate,Barrow,1.80,2.90,3.00,
Time:17:00,Mansfield,Bradford,1.85,2.90,2.80,
Time:17:00,Port Vale,Salford City,2.25,2.80,2.30,
Time:17:00,Scunthorpe,Cambridge,2.30,2.85,2.25,
Time:17:00,Southend,Cheltenham,4.25,3.20,1.45,
Time:17:00,Walsall,Exeter,2.30,2.85,2.25,
Time:17:00,Solihull Moors,Boreham Wood,1.95,2.85,2.70,
Time:17:00,Wealdstone,Wrexham,2.65,3.00,1.90,
Time:17:00,Woking,Halifax Town,1.95,3.00,2.55,
Time:17:00,Torquay,Dover Athletic,1.40,3.40,4.25,
Time:17:00,Notts County,Maidenhead Utd,1.25,3.75,5.25,
Time:17:00,Eastleigh,Aldershot,1.80,3.20,2.80,
Time:17:00,Dagenham & Rb,Yeovil,2.45,2.95,2.05,
Time:17:00,Barnet,Hartlepool,2.90,2.75,1.90,
Time:17:00,Pescara,Empoli,2.50,2.75,2.15,
Time:17:00,Celta Vigo,Atletico Madrid,4.25,3.10,1.62,
Time:17:00,Albacete,Sabadell,2.00,2.55,2.95,
Time:17:00,Castellon,Lugo,1.95,2.55,3.10,
Time:17:00,Dundee Utd,Aberdeen,3.00,2.90,1.80,
Time:17:00,Hamilton,St. Johnstone,3.25,3.10,1.65,
Time:17:00,Livingston,Kilmarnock,1.60,3.10,3.60,
Time:17:00,Ross County,Hibernian,3.30,3.00,1.65,
Time:17:00,St. Mirren,Motherwell,3.10,2.95,1.70,
Time:17:00,Ayr United,Queen of,1.65,3.10,3.30,
Time:17:00,Morton,Alloa Athletic,1.70,3.10,3.10,
Time:17:00,Dunfermline,Inverness,2.10,2.90,2.45,
Time:17:00,Raith Rovers,Arbroath,2.35,3.10,2.10,
Time:17:00,Airdrieonians,Peterhead,1.67,3.20,3.10,
Time:17:00,Clyde,Partick Thistle,2.45,3.10,1.95,
Time:17:00,Forfar Athletic,Dumbarton,2.20,3.10,2.15,
Time:17:00,Cove Rangers,East Fife,1.60,3.40,3.10,
Time:17:00,Montrose,Falkirk,3.10,3.25,1.65,
Time:17:00,Albion Rovers,Stenhousemuir,2.50,3.20,1.95,
Time:17:00,Cowdenbeath,Annan Athletic,2.10,3.00,2.40,
Time:17:00,Brechin City,Edinburgh City,3.90,3.60,1.40,
Time:17:00,Stirling Albion,Queen`s Park,3.30,3.20,1.62,
Time:17:00,Stranraer,Elgin City,2.05,3.00,2.40,
Time:17:00,Midtjylland,Odense,1.40,3.40,4.25,
Time:17:00,FC Shamrock II,Athlone Town,1.90,3.30,2.45,
Time:17:15,Cercle Brugge,AA Gent,2.90,3.10,1.75,
Time:17:30,Ahead Eagles,EVV Eindhoven,1.45,3.50,3.90,
Time:17:30,Gil Vicente,Tondela,1.85,2.75,3.00,
Time:17:30,Maritimo,Portimonense,2.10,2.70,2.65,
Time:18:00,Senica,Ruzomberok,2.50,2.55,2.30,
Time:18:00,Slovan Bratislava,Sered,1.10,5.00,8.00,
Time:18:00,Trencin,Pohronie,1.55,3.50,3.30,
Time:18:00,Zemplin,DAC Dunajska,4.00,3.75,1.40,
Time:18:00,Zlate Moravce,Nitra,1.70,3.30,2.95,
Time:18:00,Reims,Lorient,1.85,3.00,3.00,
Time:18:00,Ujpest,Mezokövesd,2.10,2.70,2.65,
Time:18:00,Neman Grodno,Gorodeya,1.30,3.50,5.75,
Time:18:05,HNK Rijeka,NK Varazdin,1.25,3.60,6.25,
Time:18:15,Aris Saloniki,Apollon Smirnis,1.40,3.25,4.40,
Time:18:30,Ljungskile,Vasteras,2.40,2.90,2.10,
Time:18:30,Sundsvall,Jönköpings,2.40,3.00,2.05,
Time:19:00,Tekstilshchik,Fakel,2.50,2.90,2.05,
Time:19:00,İnter,Milan,2.00,3.25,2.65,
Time:19:00,Sampdoria,Lazio,2.75,3.20,1.85,
Time:19:00,Trabzonspor,İst-Başakşehir,2.05,3.10,2.65,
Time:19:00,Altay,Adanademirspor,2.20,2.60,2.55,
Time:19:00,Mjondalen,Brann,2.60,3.00,1.90,
Time:19:00,Khimki,Sp.Moscow,5.00,3.30,1.35,
Time:19:15,Cartagena,Fuenlabrada,2.40,2.40,2.50,
Time:19:15,Las Palmas,Almeria,2.30,2.50,2.55,
Time:19:19,Chesterfield,Stockport,3.00,2.90,1.80,
Time:19:30,Beerschot,Sint Truiden,1.55,3.25,3.60,
Time:19:30,KV Mechelen,Kortrijk,1.80,3.00,2.95,
Time:19:30,Zorya Lugansk,Kolos Kovali,1.62,3.30,3.25,
Time:19:30,A.Bielefeld,Bayern Munich,7.50,5.75,1.10,
Time:19:30,Manchester City,Arsenal,1.35,4.25,4.60,
Time:19:30,Leyton Orient,Grimsby,1.85,2.95,2.85,
Time:19:30,Real Madrid,Cadiz,1.12,5.00,8.00,
Time:19:45,Heracles,Waalwijk,1.40,3.60,4.25,
Time:20:00,Ajaccio,Toulouse,1.95,2.70,2.90,
Time:20:00,Amiens,Grenoble,2.05,2.55,2.85,
Time:20:00,Le Havre,Chateauroux,1.70,2.60,3.75,
Time:20:00,Nancy,Dunkerque,2.05,2.70,2.65,
Time:20:00,Niort,Caen,2.45,2.65,2.25,
Time:20:00,FC Paris,Pau FC,1.67,2.80,3.60,
Time:20:00,Rodez Aveyron,Troyes,2.50,2.65,2.25,
Time:20:00,Servette,Young Boys,3.00,3.10,1.70,
Time:20:00,FC Vaduz,FC Lugano,2.70,3.00,1.85,
Time:20:00,Cork City,Waterford Utd,2.75,3.00,1.85,
Time:20:00,Braga,CD Nacional,1.25,3.90,5.25,
Time:20:30,Puskas FC,MTK Budapest,1.65,3.40,3.00,
Time:20:30,Olympiakos,Atromitos,1.18,4.00,7.25,
Time:21:00,Az Alkmaar,VV Venlo,1.15,4.60,6.75,
Time:21:25,First Vienna,Vorwarts Steyr,3.75,3.40,1.50,
Time:21:30,CFR Cluj,FC Botoşani,1.30,3.50,6.00,
Time:21:30,M.gladbach,Wolfsburg,1.65,3.40,3.25,
Time:21:30,Logrones,Leganes,2.85,2.45,2.10,
Time:21:30,Molde,Bodo Glimt,2.05,3.25,2.30,
Time:21:30,Longford Town,Cobh Ramblers,1.50,3.60,3.40,
Time:21:45,Standard Liege,Club Brugge,2.90,2.90,1.80,
Time:21:45,Crotone,Juventus,5.50,4.25,1.30,
Time:21:45,Lommel Utd,Westerlo,3.10,3.00,1.75,
Time:22:00,Chapecoense,Vitoria,1.75,2.80,3.40,
Time:22:00,Willem II,Twente,1.75,3.00,3.00,
Time:22:00,Newcastle,Manchester Utd,3.90,3.60,1.52,
Time:22:00,Getafe,Barcelona,3.90,3.40,1.58,
Time:22:00,Marsilya,Bordeaux,1.75,3.00,3.10,
Time:22:30,Confiança,Oeste,1.50,3.00,4.00,
Time:22:30,Chicago Fire,Sporting Kansas,2.00,3.10,2.40,
Time:22:30,Sporting Lisbon,Porto,3.10,3.10,1.85,
Time:23:00,Coritiba,Santos,2.45,2.80,2.15,
Time:00:00,Boyaca Chico,Once Caldas,2.80,2.60,2.05,
Time:00:30,Club Regatas,Operario,2.05,2.60,2.75,
Time:01:00,Goianiense,Paranaense,1.95,2.70,2.80,
Time:01:00,Fluminense,Ceara,1.85,2.75,3.00,
Time:01:06,Monterrey,Puebla,1.40,3.40,4.40,
Time:02:00,Montreal Impact,Inter Miami,3.00,3.30,1.67,
Time:02:05,Cucuta,Envigado,2.90,2.55,2.00,
Time:03:00,CD Guadalajara,Atlas,1.67,2.95,3.40,
Time:03:00,Sao Paulo,Gremio,1.80,2.80,3.10,
Time:04:10,Millonarios,Patriotas Boyaca,1.45,3.00,4.75,
Time:05:00,Cruz Azul,Tigres,2.00,2.90,2.60,
Time:07:00,Consadole Sapporo,Kashima Antlers,2.65,3.40,1.80,
Time:07:30,Suwon Fc,Jeonnam Drag,1.70,3.10,3.10,
Time:08:00,Oita Trinita,Gamba Osaka,2.30,3.10,2.05,
Time:08:00,Shimizu S,Sagan Tosu,2.15,3.10,2.20,
Time:08:00,Yokohama FM,FC Tokyo,3.30,3.30,1.60,
Time:08:00,Fagiano Okayama,Omiya Ardija,2.45,2.65,2.20,
Time:08:00,Kyoto Sanga,Renofa Yamaguch,1.40,3.50,4.00,
Time:08:00,Mito Hollyhock,Albirex Niigata,2.35,2.95,2.15,
Time:08:00,Montedio Yamagata,Ehime Fc,1.50,3.10,3.90,
Time:08:00,Thespakusatsu,Avispa Fukuoka,3.25,2.95,1.70,
Time:08:00,Zweigen Kanaza,Jubilo Iwata,2.30,2.90,2.20,
Time:08:00,Busan Park,Bluewings,2.55,2.85,2.05,
Time:09:00,Shonan Bellmare,Kashiwa Reysol,3.40,3.25,1.60,
Time:10:00,Urawa Reds,Vegalta Sendai,1.75,3.10,2.90,
Time:10:00,Chungnam Asan,Ansan Greeners,2.00,2.85,2.60,
Time:10:30,Jeonbuk Motors,Gwangju,1.30,3.75,5.00,
Time:11:00,Sanfrecce Hiroshima,Vissel Kobe,1.85,3.25,2.60,
Time:13:00,Eibar,Osasuna,2.25,2.70,2.55,
Time:13:00,Alcorcon,Ponferradina,1.80,2.55,3.40,
Time:13:00,Kawasaki Frontale,Nagoya Grampus,1.35,3.75,4.40,
Time:13:00,Pohang Steel,Ulsan Horang,2.45,3.00,2.05,
Time:13:15,Feyenoord,Sp. Rotterdam,1.25,4.00,5.25,
Time:13:30,Hatayspor,Erzurum BŞB,2.35,2.90,2.40,
Time:13:30,Ankaraspor,Giresunspor,2.60,3.10,1.90,
Time:13:30,Bologna,Sassuolo,2.40,3.25,2.05,
Time:13:45,Smolevichy STI,Torpedo Zhodino,8.00,4.75,1.12,
Time:14:00,Arsenal Tula,Ural,1.85,2.80,2.95,
Time:14:00,Rotor Volgog,Tambov,2.15,2.60,2.65,
Time:14:00,Strasbourg,Lyon,2.80,2.95,1.90,
Time:14:00,Sheffield Utd,Fulham,1.90,3.00,3.10,
Time:14:00,Preston,Cardiff,1.95,2.80,2.75,
Time:14:00,Olimpik Donetsk,Vorskla Poltava,1.75,3.20,2.85,
Time:14:30,Aue,Heidenheim,2.25,2.85,2.30,
Time:14:30,Düsseldorf,Regensburg,1.55,3.20,3.60,
Time:14:30,Paderborn,Hannover 96,2.45,3.00,2.00,
Time:14:30,Würzburger,Holstein Kiel,2.95,3.25,1.70,
Time:14:30,Zulte Waregem,Royal Antwerp,2.65,3.30,1.80,
Time:15:00,Athletic Bilbao,Levante,1.80,2.95,3.10,
Time:15:00,AGF Aarhus,Horsens,1.30,3.75,5.00,
Time:15:00,Vejle,Lyngby,1.67,3.10,3.10,
Time:15:00,Duisburg,Hallescher,2.30,3.00,2.10,
Time:15:30,Den Haag,Vitesse,3.60,3.30,1.50,
Time:15:30,Hammarby,Mjallby,1.50,3.40,3.50,
Time:15:30,Elfsborg,Kalmar,1.60,3.30,3.40,
Time:15:30,IK Sirius,Ostersund,1.50,3.25,3.75,
Time:15:30,Paksi SE,Zalaegerszeg,2.35,3.10,2.10,
Time:15:30,Ajax,Heerenveen,1.12,5.00,6.75,
Time:15:45,Isloch,BATE Borisov,3.10,3.20,1.67,
Time:16:00,Angers,Metz,1.85,2.90,3.10,
Time:16:00,Monaco,Montpellier,1.80,3.20,2.90,
Time:16:00,Nantes,Brest,1.90,3.10,2.80,
Time:16:00,Antalyaspor,Gazişehir Antep,1.85,2.95,3.30,
Time:16:00,Karagümrükspor,Kasımpaşaspor,2.25,2.95,2.35,
Time:16:00,Boluspor,Tuzlaspor,2.50,2.85,2.05,
Time:16:00,Vendsyssel,Fredericia FC,2.50,3.00,2.00,
Time:16:00,Spezia,Fiorentina,4.00,3.50,1.48,
Time:16:00,Torino,Cagliari,1.90,3.10,2.75,
Time:16:00,Crystal Palace,Brighton,2.25,2.85,2.35,
Time:16:00,SV Meppen,Viktoria Köln,2.20,2.90,2.30,
Time:16:00,Hajduk Split,Sibenik,1.15,4.25,7.25,
Time:16:00,Hjk,Hıfk Helsinki,1.18,4.25,7.00,
Time:16:00,KuPS Kuopio,Honka,1.80,2.85,3.00,
Time:16:00,Marieham,SJK Seinajoki,2.60,3.00,1.95,
Time:16:00,Tampe Ilves,Inter Turku,2.35,2.85,2.20,
Time:16:00,Ranheim,Lillestrom,2.15,3.10,2.25,
Time:16:00,Stjordals Blin,Ullensaker,1.80,3.50,2.55,
Time:16:00,OFI,Panathinaikos,2.75,2.85,1.95,
Time:16:30,CSKA Moscow,Dinamo Moscow,1.80,2.85,3.10,
Time:16:30,Köln,Frankfurt,2.65,3.40,1.85,
Time:16:30,Helsingoer,Skive Ik,1.70,3.10,3.10,
Time:17:00,Villarreal,Valencia,1.52,3.60,4.00,
Time:17:00,Vallecano,Espanyol,2.50,2.50,2.30,
Time:17:00,Sonderjyske,Brondby,2.55,2.90,2.00,
Time:17:00,Belenenses,Moreirense,2.10,2.60,2.75,
Time:17:00,Ferreira,Santa Clara,2.15,2.70,2.55,
Time:17:00,Luzern,St. Gallen,2.65,3.10,1.85,
Time:17:00,Sion,Lausanne,2.10,3.00,2.35,
Time:17:00,Zurich,Basel,3.10,3.30,1.65,
Time:17:00,Zilina,Spartak Trnava,1.75,3.00,3.00,
Time:17:00,Oleksandria,Ingulets,2.45,3.10,2.00,
Time:17:00,RWD 47,RFC Seraing,2.25,3.20,2.10,
Time:17:00,R.Mouscron,Eupen,2.80,3.00,1.85,
Time:17:45,Groningen,Utrecht,2.50,3.00,2.00,
Time:17:45,Zwolle,PSV,4.00,3.60,1.40,
Time:18:00,St Etienne,Nice,2.05,2.90,2.65,
Time:18:00,BDP Honved,MOL Fehervar,3.20,3.20,1.65,
Time:18:00,Soligorsk,Dinamo Minsk,1.45,3.30,4.25,
Time:18:05,NK Osijek,Lokomotiva,1.30,3.60,5.00,
Time:18:15,Larissa,Asteras,2.20,2.60,2.55,
Time:18:15,Wolfsberger AC,Ried,1.55,3.30,3.60,
Time:18:30,Tottenham,West Ham,1.45,3.75,4.25,
Time:18:30,AIK Stockholm,Goteborg,1.95,2.70,2.95,
Time:18:30,Varbergs,Norrkoping,3.10,3.25,1.67,
Time:18:45,Hermannstadt,Uta Arad,1.85,2.90,2.90,
Time:19:00,Rostov,Akhmat Grozny,1.95,2.65,2.95,
Time:19:00,Schalke 04,Union Berlin,2.40,2.85,2.25,
Time:19:00,Göztepe,Fenerbahçe,2.95,3.30,1.85,
Time:19:00,Bursaspor,Balıkesirspor,1.60,3.10,3.50,
Time:19:00,Udinese,Parma,1.85,3.00,2.90,
Time:19:00,Shelbourne,Sligo Rovers,2.15,2.80,2.45,
Time:19:00,Haugesund,Sp.Sarpsborg,2.10,2.95,2.40,
Time:19:00,Kristiansund BK,Rosenborg,2.40,3.10,2.00,
Time:19:00,Odd Grenland,Viking,1.75,3.30,2.75,
Time:19:00,Stabaek,Aalesund,1.50,3.30,3.60,
Time:19:00,Stromsgodset,IK Start,1.70,3.20,3.00,
Time:19:00,Lierse,Saint Gilloise,4.25,3.60,1.40,
Time:19:00,La Equidad,Bucaramanga,1.70,2.85,3.40,
Time:19:15,Mirandes,Mallorca,2.30,2.50,2.50,
Time:19:15,Zaragoza,Malaga,1.70,2.70,3.60,
Time:19:15,Genk,Charleroi,2.20,2.95,2.30,
Time:19:30,Alaves,Elche,1.55,2.95,4.25,
Time:19:30,Huesca,Valladolid,1.95,2.70,3.00,
Time:19:30,Farense,Famalicao,2.15,2.80,2.40,
Time:19:30,Dnipro1,Desna,2.75,2.90,1.90,
Time:20:00,UNAM,Toluca,1.62,3.10,3.40,
Time:20:00,Dinamo Brest,FC Rukh,1.62,3.40,3.00,
Time:20:30,AEK,PAOK,2.40,2.65,2.30,
Time:21:00,Emmen,Fortuna Sittard,1.80,3.20,2.75,
Time:21:00,Dordrecht,Almere City,3.90,3.60,1.40,
Time:21:15,Leicester,Aston Villa,1.70,3.50,3.25,
Time:21:30,Girona,Real Oviedo,1.80,2.65,3.40,
Time:21:30,Dinamo Bucuresti,CS Craiova,2.05,2.95,2.50,
Time:21:30,Sandefjord,Valerenga,3.00,2.95,1.80,
Time:21:30,Anderlecht,OH Leuven,1.40,3.60,4.25,
Time:21:45,Roma,Benevento,1.25,4.40,5.50,
Time:22:00,Lille,Lens,1.67,3.10,3.50,
Time:22:00,Real Betis,Real Sociedad,2.15,3.10,2.50,
Time:22:00,Sporting Gijon,Tenerife,2.00,2.45,3.00,
Time:22:00,Rio Ave,Benfica,4.25,3.50,1.40,
Time:22:00,Pereira,Atletico Junior,2.75,2.65,2.05,
Time:00:00,Jaguares Cordoba,Deportes Tolima,3.50,2.45,1.85,
Time:01:00,Columbus,New York City,1.90,3.00,2.60,
Time:02:00,New York City,Orlando City,1.85,3.10,2.65,
Time:02:05,Atletico Nacional,America de Cali,1.67,3.00,3.40,
Time:02:30,Parana,Sampaio Correa,2.05,2.45,3.00,
Time:02:30,Cincinnati,DC United,1.85,2.90,2.85,
Time:02:30,Toronto,Atlanta Utd,1.45,3.40,4.00,
Time:03:00,Minnesota Utd,Houston Dynamo,1.75,3.20,2.95,
Time:03:06,Santos Laguna,Pachuca,2.10,2.80,2.55,
Time:04:10,Deportivo Pasto,Medellin,1.70,2.80,3.50,
Time:05:00,Timbers,Los Angeles,2.05,3.10,2.35,
Time:05:30,LA Galaxy,Vancouver,1.40,3.60,4.00,
Time:05:30,SJ Earthquakes,Seattle,2.60,3.10,1.90,
Time:18:00,Voluntari,Constanta,2.80,2.80,1.90,
Time:18:30,Lahti,Haka,1.55,3.40,3.40,
Time:19:00,Akhisarspor,Menemen Bld,1.55,3.10,3.60,
Time:19:30,West Bromwich,Burnley,2.20,3.00,2.55,
Time:19:30,Lamia,Panaitolikos,2.10,2.50,2.85,
Time:20:00,Galatasaray,Alanyaspor,1.75,3.10,3.30,
Time:20:00,Gençlerbirliği,Denizlispor,1.85,3.00,2.90,
Time:20:00,Djurgarden,Malmo FF,2.80,3.00,1.85,
Time:20:00,Helsingborg,Hacken,3.20,3.10,1.67,
Time:20:00,Nordsjaelland,Randers FC,1.90,3.25,2.50,
Time:21:00,Roda,Telstar,1.70,3.30,2.85,
Time:21:00,Clinceni,Steaua Bucuresti,4.75,3.40,1.40,
Time:21:30,St. Pauli,Nürnberg,2.15,2.95,2.30,
Time:21:45,Guingamp,Auxerre,1.90,2.60,3.00,
Time:21:45,Beveren,KV Oostende,3.30,3.40,1.55,
Time:22:00,Jong AZ,Volendam,2.70,3.30,1.80,
Time:22:00,Leeds Utd,Wolverhampton,2.15,3.00,2.60,
Time:22:15,Boavista,Guimaraes,3.10,2.75,1.80 .
